Дата;Отрасль;Значение
31.01.2017;Все отрасли;24012.00
28.02.2017;Все отрасли;23142.00
31.03.2017;Все отрасли;24308.00
30.04.2017;Все отрасли;24035.00
31.05.2017;Все отрасли;25803.00
30.06.2017;Все отрасли;26702.00
31.07.2017;Все отрасли;25451.00
31.08.2017;Все отрасли;24434.00
30.09.2017;Все отрасли;24507.00
31.10.2017;Все отрасли;25338.00
30.11.2017;Все отрасли;26013.00
31.12.2017;Все отрасли;28148.00
31.01.2018;Все отрасли;26787.00
28.02.2018;Все отрасли;26464.00
31.03.2018;Все отрасли;26822.00
30.04.2018;Все отрасли;26653.00
31.05.2018;Все отрасли;30307.00
30.06.2018;Все отрасли;30889.00
31.07.2018;Все отрасли;30043.00
31.08.2018;Все отрасли;28582.00
30.09.2018;Все отрасли;28371.00
31.10.2018;Все отрасли;28696.00
30.11.2018;Все отрасли;29147.00
31.12.2018;Все отрасли;32307.00
31.01.2019;Все отрасли;29331.00
28.02.2019;Все отрасли;28468.00
31.03.2019;Все отрасли;29140.00
30.04.2019;Все отрасли;29588.00
31.05.2019;Все отрасли;32014.00
30.06.2019;Все отрасли;33510.00
31.07.2019;Все отрасли;31843.00
31.08.2019;Все отрасли;30000.00
30.09.2019;Все отрасли;30538.00
31.10.2019;Все отрасли;30955.00
30.11.2019;Все отрасли;30494.00
31.12.2019;Все отрасли;35203.00
31.01.2020;Все отрасли;31540.00
29.02.2020;Все отрасли;30801.00
31.03.2020;Все отрасли;32185.00
30.04.2020;Все отрасли;31669.00
31.05.2020;Все отрасли;34231.00
30.06.2020;Все отрасли;35235.00
31.07.2020;Все отрасли;34045.00
31.08.2020;Все отрасли;32052.00
30.09.2020;Все отрасли;32450.00
31.10.2020;Все отрасли;32278.00
30.11.2020;Все отрасли;33238.00
31.12.2020;Все отрасли;38278.00
31.01.2021;Все отрасли;33549.00
28.02.2021;Все отрасли;32734.00
31.03.2021;Все отрасли;34252.00
30.04.2021;Все отрасли;34352.00
31.05.2021;Все отрасли;36648.00
30.06.2021;Все отрасли;38963.00
31.01.2017;Административная деятельность;18069.00
31.01.2017;Водоснабжение;20986.00
31.01.2017;Гос. управление;27601.00
31.01.2017;Гостиницы и общепит;18507.00
31.01.2017;Добыча полезных ископаемых;35255.00
31.01.2017;Здравоохранение;19863.00
31.01.2017;ИТ и связь;28501.00
31.01.2017;Научная и проф. деятельность;31358.00
31.01.2017;Обрабатывающие производства;25164.00
31.01.2017;Образование;19529.00
31.01.2017;Операции с недвижимостью;20010.00
31.01.2017;Сельское хозяйство;21228.00
31.01.2017;Спорт и досуг;17892.00
31.01.2017;Строительство;26345.00
31.01.2017;Торговля;21932.00
31.01.2017;Транспортировка и хранение;27990.00
31.01.2017;Услуги ЖКХ;27561.00
31.01.2017;Финансы и страхование;31874.00
28.02.2017;Административная деятельность;16770.00
28.02.2017;Водоснабжение;19545.00
28.02.2017;Гос. управление;28082.00
28.02.2017;Гостиницы и общепит;17371.00
28.02.2017;Добыча полезных ископаемых;31851.00
28.02.2017;Здравоохранение;18980.00
28.02.2017;ИТ и связь;27371.00
28.02.2017;Научная и проф. деятельность;30618.00
28.02.2017;Обрабатывающие производства;24002.00
28.02.2017;Образование;19346.00
28.02.2017;Операции с недвижимостью;19745.00
28.02.2017;Сельское хозяйство;18719.00
28.02.2017;Спорт и досуг;17437.00
28.02.2017;Строительство;25694.00
28.02.2017;Торговля;20403.00
28.02.2017;Транспортировка и хранение;26010.00
28.02.2017;Услуги ЖКХ;26767.00
28.02.2017;Финансы и страхование;36848.00
31.03.2017;Административная деятельность;17774.00
31.03.2017;Водоснабжение;20336.00
31.03.2017;Гос. управление;29642.00
31.03.2017;Гостиницы и общепит;17671.00
31.03.2017;Добыча полезных ископаемых;34100.00
31.03.2017;Здравоохранение;19561.00
31.03.2017;ИТ и связь;31731.00
31.03.2017;Научная и проф. деятельность;32485.00
31.03.2017;Обрабатывающие производства;25702.00
31.03.2017;Образование;19841.00
31.03.2017;Операции с недвижимостью;20445.00
31.03.2017;Сельское хозяйство;19712.00
31.03.2017;Спорт и досуг;18538.00
31.03.2017;Строительство;27026.00
31.03.2017;Торговля;21479.00
31.03.2017;Транспортировка и хранение;27216.00
31.03.2017;Услуги ЖКХ;27150.00
31.03.2017;Финансы и страхование;35397.00
30.04.2017;Административная деятельность;17379.00
30.04.2017;Водоснабжение;20000.00
30.04.2017;Гос. управление;30668.00
30.04.2017;Гостиницы и общепит;17529.00
30.04.2017;Добыча полезных ископаемых;33750.00
30.04.2017;Здравоохранение;19456.00
30.04.2017;ИТ и связь;29363.00
30.04.2017;Научная и проф. деятельность;32099.00
30.04.2017;Обрабатывающие производства;25275.00
30.04.2017;Образование;19448.00
30.04.2017;Операции с недвижимостью;19893.00
30.04.2017;Сельское хозяйство;19366.00
30.04.2017;Спорт и досуг;17977.00
30.04.2017;Строительство;26100.00
30.04.2017;Торговля;21069.00
30.04.2017;Транспортировка и хранение;27077.00
30.04.2017;Услуги ЖКХ;27833.00
30.04.2017;Финансы и страхование;42215.00
31.05.2017;Административная деятельность;18040.00
31.05.2017;Водоснабжение;20883.00
31.05.2017;Гос. управление;31901.00
31.05.2017;Гостиницы и общепит;18779.00
31.05.2017;Добыча полезных ископаемых;35619.00
31.05.2017;Здравоохранение;21338.00
31.05.2017;ИТ и связь;30450.00
31.05.2017;Научная и проф. деятельность;32789.00
31.05.2017;Обрабатывающие производства;25992.00
31.05.2017;Образование;22847.00
31.05.2017;Операции с недвижимостью;20639.00
31.05.2017;Сельское хозяйство;20765.00
31.05.2017;Спорт и досуг;19271.00
31.05.2017;Строительство;27875.00
31.05.2017;Торговля;21897.00
31.05.2017;Транспортировка и хранение;28888.00
31.05.2017;Услуги ЖКХ;29147.00
31.05.2017;Финансы и страхование;35936.00
30.06.2017;Административная деятельность;18270.00
30.06.2017;Водоснабжение;20861.00
30.06.2017;Гос. управление;32590.00
30.06.2017;Гостиницы и общепит;18766.00
30.06.2017;Добыча полезных ископаемых;35047.00
30.06.2017;Здравоохранение;21854.00
30.06.2017;ИТ и связь;30000.00
30.06.2017;Научная и проф. деятельность;34246.00
30.06.2017;Обрабатывающие производства;26350.00
30.06.2017;Образование;28191.00
30.06.2017;Операции с недвижимостью;20811.00
30.06.2017;Сельское хозяйство;20200.00
30.06.2017;Спорт и досуг;22774.00
30.06.2017;Строительство;27659.00
30.06.2017;Торговля;21800.00
30.06.2017;Транспортировка и хранение;28716.00
30.06.2017;Услуги ЖКХ;28921.00
30.06.2017;Финансы и страхование;36007.00
31.07.2017;Административная деятельность;18292.00
31.07.2017;Водоснабжение;21015.00
31.07.2017;Гос. управление;31757.00
31.07.2017;Гостиницы и общепит;18768.00
31.07.2017;Добыча полезных ископаемых;34929.00
31.07.2017;Здравоохранение;20980.00
31.07.2017;ИТ и связь;29431.00
31.07.2017;Научная и проф. деятельность;32860.00
31.07.2017;Обрабатывающие производства;26100.00
31.07.2017;Образование;16772.00
31.07.2017;Операции с недвижимостью;20569.00
31.07.2017;Сельское хозяйство;21530.00
31.07.2017;Спорт и досуг;19857.00
31.07.2017;Строительство;29058.00
31.07.2017;Торговля;21894.00
31.07.2017;Транспортировка и хранение;28531.00
31.07.2017;Услуги ЖКХ;28290.00
31.07.2017;Финансы и страхование;41695.00
31.08.2017;Административная деятельность;18384.00
31.08.2017;Водоснабжение;21141.00
31.08.2017;Гос. управление;30794.00
31.08.2017;Гостиницы и общепит;18434.00
31.08.2017;Добыча полезных ископаемых;35320.00
31.08.2017;Здравоохранение;20085.00
31.08.2017;ИТ и связь;29008.00
31.08.2017;Научная и проф. деятельность;31630.00
31.08.2017;Обрабатывающие производства;25809.00
31.08.2017;Образование;15660.00
31.08.2017;Операции с недвижимостью;20555.00
31.08.2017;Сельское хозяйство;21568.00
31.08.2017;Спорт и досуг;18409.00
31.08.2017;Строительство;28708.00
31.08.2017;Торговля;22071.00
31.08.2017;Транспортировка и хранение;28929.00
31.08.2017;Услуги ЖКХ;28098.00
31.08.2017;Финансы и страхование;35733.00
30.09.2017;Административная деятельность;17884.00
30.09.2017;Водоснабжение;20323.00
30.09.2017;Гос. управление;30545.00
30.09.2017;Гостиницы и общепит;18553.00
30.09.2017;Добыча полезных ископаемых;33900.00
30.09.2017;Здравоохранение;19983.00
30.09.2017;ИТ и связь;28022.00
30.09.2017;Научная и проф. деятельность;31971.00
30.09.2017;Обрабатывающие производства;25672.00
30.09.2017;Образование;20252.00
30.09.2017;Операции с недвижимостью;20000.00
30.09.2017;Сельское хозяйство;21228.00
30.09.2017;Спорт и досуг;19753.00
30.09.2017;Строительство;27406.00
30.09.2017;Торговля;21437.00
30.09.2017;Транспортировка и хранение;28115.00
30.09.2017;Услуги ЖКХ;26667.00
30.09.2017;Финансы и страхование;34800.00
31.10.2017;Административная деятельность;18351.00
31.10.2017;Водоснабжение;21062.00
31.10.2017;Гос. управление;29710.00
31.10.2017;Гостиницы и общепит;18846.00
31.10.2017;Добыча полезных ископаемых;35925.00
31.10.2017;Здравоохранение;20952.00
31.10.2017;ИТ и связь;29953.00
31.10.2017;Научная и проф. деятельность;33388.00
31.10.2017;Обрабатывающие производства;26688.00
31.10.2017;Образование;20821.00
31.10.2017;Операции с недвижимостью;20680.00
31.10.2017;Сельское хозяйство;21735.00
31.10.2017;Спорт и досуг;20445.00
31.10.2017;Строительство;29066.00
31.10.2017;Торговля;22280.00
31.10.2017;Транспортировка и хранение;29117.00
31.10.2017;Услуги ЖКХ;27245.00
31.10.2017;Финансы и страхование;41918.00
30.11.2017;Административная деятельность;18369.00
30.11.2017;Водоснабжение;21221.00
30.11.2017;Гос. управление;33190.00
30.11.2017;Гостиницы и общепит;18108.00
30.11.2017;Добыча полезных ископаемых;35775.00
30.11.2017;Здравоохранение;21765.00
30.11.2017;ИТ и связь;30786.00
30.11.2017;Научная и проф. деятельность;35080.00
30.11.2017;Обрабатывающие производства;26793.00
30.11.2017;Образование;21579.00
30.11.2017;Операции с недвижимостью;20998.00
30.11.2017;Сельское хозяйство;21252.00
30.11.2017;Спорт и досуг;21759.00
30.11.2017;Строительство;29281.00
30.11.2017;Торговля;21969.00
30.11.2017;Транспортировка и хранение;29111.00
30.11.2017;Услуги ЖКХ;27954.00
30.11.2017;Финансы и страхование;36914.00
31.12.2017;Административная деятельность;19543.00
31.12.2017;Водоснабжение;21935.00
31.12.2017;Гос. управление;42160.00
31.12.2017;Гостиницы и общепит;18571.00
31.12.2017;Добыча полезных ископаемых;40916.00
31.12.2017;Здравоохранение;23122.00
31.12.2017;ИТ и связь;31759.00
31.12.2017;Научная и проф. деятельность;40286.00
31.12.2017;Обрабатывающие производства;28145.00
31.12.2017;Образование;22617.00
31.12.2017;Операции с недвижимостью;21750.00
31.12.2017;Сельское хозяйство;21750.00
31.12.2017;Спорт и досуг;25708.00
31.12.2017;Строительство;29477.00
31.12.2017;Торговля;22772.00
31.12.2017;Транспортировка и хранение;30450.00
31.12.2017;Услуги ЖКХ;31908.00
31.12.2017;Финансы и страхование;74082.00
31.01.2018;Административная деятельность;20880.00
31.01.2018;Водоснабжение;23135.00
31.01.2018;Гос. управление;29201.00
31.01.2018;Гостиницы и общепит;20410.00
31.01.2018;Добыча полезных ископаемых;38869.00
31.01.2018;Здравоохранение;24972.00
31.01.2018;ИТ и связь;31764.00
31.01.2018;Научная и проф. деятельность;35381.00
31.01.2018;Обрабатывающие производства;27646.00
31.01.2018;Образование;22410.00
31.01.2018;Операции с недвижимостью;22000.00
31.01.2018;Сельское хозяйство;22397.00
31.01.2018;Спорт и досуг;23329.00
31.01.2018;Строительство;28513.00
31.01.2018;Торговля;24340.00
31.01.2018;Транспортировка и хранение;31320.00
31.01.2018;Услуги ЖКХ;29430.00
31.01.2018;Финансы и страхование;35313.00
28.02.2018;Административная деятельность;19702.00
28.02.2018;Водоснабжение;21801.00
28.02.2018;Гос. управление;30000.00
28.02.2018;Гостиницы и общепит;19140.00
28.02.2018;Добыча полезных ископаемых;36731.00
28.02.2018;Здравоохранение;24809.00
28.02.2018;ИТ и связь;33916.00
28.02.2018;Научная и проф. деятельность;35229.00
28.02.2018;Обрабатывающие производства;26681.00
28.02.2018;Образование;22639.00
28.02.2018;Операции с недвижимостью;21723.00
28.02.2018;Сельское хозяйство;20756.00
28.02.2018;Спорт и досуг;23361.00
28.02.2018;Строительство;27957.00
28.02.2018;Торговля;22899.00
28.02.2018;Транспортировка и хранение;30533.00
28.02.2018;Услуги ЖКХ;28990.00
28.02.2018;Финансы и страхование;38974.00
31.03.2018;Административная деятельность;20320.00
31.03.2018;Водоснабжение;22456.00
31.03.2018;Гос. управление;30153.00
31.03.2018;Гостиницы и общепит;19673.00
31.03.2018;Добыча полезных ископаемых;37730.00
31.03.2018;Здравоохранение;24889.00
31.03.2018;ИТ и связь;31819.00
31.03.2018;Научная и проф. деятельность;36208.00
31.03.2018;Обрабатывающие производства;27790.00
31.03.2018;Образование;22185.00
31.03.2018;Операции с недвижимостью;22141.00
31.03.2018;Сельское хозяйство;21006.00
31.03.2018;Спорт и досуг;23111.00
31.03.2018;Строительство;29055.00
31.03.2018;Торговля;23965.00
31.03.2018;Транспортировка и хранение;30597.00
31.03.2018;Услуги ЖКХ;29830.00
31.03.2018;Финансы и страхование;38618.00
30.04.2018;Административная деятельность;20226.00
30.04.2018;Водоснабжение;21932.00
30.04.2018;Гос. управление;32612.00
30.04.2018;Гостиницы и общепит;19392.00
30.04.2018;Добыча полезных ископаемых;37065.00
30.04.2018;Здравоохранение;24136.00
30.04.2018;ИТ и связь;31890.00
30.04.2018;Научная и проф. деятельность;35670.00
30.04.2018;Обрабатывающие производства;27524.00
30.04.2018;Образование;21938.00
30.04.2018;Операции с недвижимостью;21836.00
30.04.2018;Сельское хозяйство;21750.00
30.04.2018;Спорт и досуг;22408.00
30.04.2018;Строительство;29396.00
30.04.2018;Торговля;23483.00
30.04.2018;Транспортировка и хранение;30057.00
30.04.2018;Услуги ЖКХ;28847.00
30.04.2018;Финансы и страхование;43886.00
31.05.2018;Административная деятельность;22884.00
31.05.2018;Водоснабжение;24876.00
31.05.2018;Гос. управление;34232.00
31.05.2018;Гостиницы и общепит;22467.00
31.05.2018;Добыча полезных ископаемых;41506.00
31.05.2018;Здравоохранение;27464.00
31.05.2018;ИТ и связь;35000.00
31.05.2018;Научная и проф. деятельность;38507.00
31.05.2018;Обрабатывающие производства;29854.00
31.05.2018;Образование;28078.00
31.05.2018;Операции с недвижимостью;25062.00
31.05.2018;Сельское хозяйство;24540.00
31.05.2018;Спорт и досуг;25443.00
31.05.2018;Строительство;32285.00
31.05.2018;Торговля;26351.00
31.05.2018;Транспортировка и хранение;34572.00
31.05.2018;Услуги ЖКХ;32071.00
31.05.2018;Финансы и страхование;40013.00
30.06.2018;Административная деятельность;22450.00
30.06.2018;Водоснабжение;24600.00
30.06.2018;Гос. управление;34372.00
30.06.2018;Гостиницы и общепит;22201.00
30.06.2018;Добыча полезных ископаемых;40303.00
30.06.2018;Здравоохранение;27515.00
30.06.2018;ИТ и связь;34397.00
30.06.2018;Научная и проф. деятельность;38866.00
30.06.2018;Обрабатывающие производства;30000.00
30.06.2018;Образование;37139.00
30.06.2018;Операции с недвижимостью;24527.00
30.06.2018;Сельское хозяйство;23846.00
30.06.2018;Спорт и досуг;28490.00
30.06.2018;Строительство;31128.00
30.06.2018;Торговля;25719.00
30.06.2018;Транспортировка и хранение;33487.00
30.06.2018;Услуги ЖКХ;32404.00
30.06.2018;Финансы и страхование;38959.00
31.07.2018;Административная деятельность;22968.00
31.07.2018;Водоснабжение;25317.00
31.07.2018;Гос. управление;35667.00
31.07.2018;Гостиницы и общепит;22264.00
31.07.2018;Добыча полезных ископаемых;40351.00
31.07.2018;Здравоохранение;27136.00
31.07.2018;ИТ и связь;34800.00
31.07.2018;Научная и проф. деятельность;38168.00
31.07.2018;Обрабатывающие производства;29965.00
31.07.2018;Образование;22018.00
31.07.2018;Операции с недвижимостью;25025.00
31.07.2018;Сельское хозяйство;25512.00
31.07.2018;Спорт и досуг;26100.00
31.07.2018;Строительство;33494.00
31.07.2018;Торговля;26100.00
31.07.2018;Транспортировка и хранение;33690.00
31.07.2018;Услуги ЖКХ;31300.00
31.07.2018;Финансы и страхование;46110.00
31.08.2018;Административная деятельность;22731.00
31.08.2018;Водоснабжение;24929.00
31.08.2018;Гос. управление;33395.00
31.08.2018;Гостиницы и общепит;21750.00
31.08.2018;Добыча полезных ископаемых;41560.00
31.08.2018;Здравоохранение;25823.00
31.08.2018;ИТ и связь;33929.00
31.08.2018;Научная и проф. деятельность;36424.00
31.08.2018;Обрабатывающие производства;29253.00
31.08.2018;Образование;19829.00
31.08.2018;Операции с недвижимостью;24587.00
31.08.2018;Сельское хозяйство;25001.00
31.08.2018;Спорт и досуг;23169.00
31.08.2018;Строительство;32635.00
31.08.2018;Торговля;26001.00
31.08.2018;Транспортировка и хранение;33485.00
31.08.2018;Услуги ЖКХ;31452.00
31.08.2018;Финансы и страхование;38648.00
30.09.2018;Административная деятельность;22121.00
30.09.2018;Водоснабжение;24212.00
30.09.2018;Гос. управление;33520.00
30.09.2018;Гостиницы и общепит;21800.00
30.09.2018;Добыча полезных ископаемых;40404.00
30.09.2018;Здравоохранение;25834.00
30.09.2018;ИТ и связь;33021.00
30.09.2018;Научная и проф. деятельность;36468.00
30.09.2018;Обрабатывающие производства;28894.00
30.09.2018;Образование;23730.00
30.09.2018;Операции с недвижимостью;24017.00
30.09.2018;Сельское хозяйство;24863.00
30.09.2018;Спорт и досуг;24285.00
30.09.2018;Строительство;32400.00
30.09.2018;Торговля;25253.00
30.09.2018;Транспортировка и хранение;32074.00
30.09.2018;Услуги ЖКХ;29453.00
30.09.2018;Финансы и страхование;37560.00
31.10.2018;Административная деятельность;22074.00
31.10.2018;Водоснабжение;24565.00
31.10.2018;Гос. управление;32234.00
31.10.2018;Гостиницы и общепит;21750.00
31.10.2018;Добыча полезных ископаемых;41519.00
31.10.2018;Здравоохранение;25586.00
31.10.2018;ИТ и связь;33521.00
31.10.2018;Научная и проф. деятельность;37821.00
31.10.2018;Обрабатывающие производства;29811.00
31.10.2018;Образование;23940.00
31.10.2018;Операции с недвижимостью;24360.00
31.10.2018;Сельское хозяйство;24870.00
31.10.2018;Спорт и досуг;24432.00
31.10.2018;Строительство;32948.00
31.10.2018;Торговля;25784.00
31.10.2018;Транспортировка и хранение;32907.00
31.10.2018;Услуги ЖКХ;29870.00
31.10.2018;Финансы и страхование;44937.00
30.11.2018;Административная деятельность;22054.00
30.11.2018;Водоснабжение;24563.00
30.11.2018;Гос. управление;35350.00
30.11.2018;Гостиницы и общепит;21549.00
30.11.2018;Добыча полезных ископаемых;41043.00
30.11.2018;Здравоохранение;26268.00
30.11.2018;ИТ и связь;34800.00
30.11.2018;Научная и проф. деятельность;38699.00
30.11.2018;Обрабатывающие производства;29692.00
30.11.2018;Образование;24390.00
30.11.2018;Операции с недвижимостью;24708.00
30.11.2018;Сельское хозяйство;24071.00
30.11.2018;Спорт и досуг;24790.00
30.11.2018;Строительство;32656.00
30.11.2018;Торговля;25456.00
30.11.2018;Транспортировка и хранение;32726.00
30.11.2018;Услуги ЖКХ;29911.00
30.11.2018;Финансы и страхование;46239.00
31.12.2018;Административная деятельность;23610.00
31.12.2018;Водоснабжение;25844.00
31.12.2018;Гос. управление;46779.00
31.12.2018;Гостиницы и общепит;21939.00
31.12.2018;Добыча полезных ископаемых;46732.00
31.12.2018;Здравоохранение;28120.00
31.12.2018;ИТ и связь;36701.00
31.12.2018;Научная и проф. деятельность;45406.00
31.12.2018;Обрабатывающие производства;31829.00
31.12.2018;Образование;26620.00
31.12.2018;Операции с недвижимостью;26060.00
31.12.2018;Сельское хозяйство;25900.00
31.12.2018;Спорт и досуг;27965.00
31.12.2018;Строительство;34800.00
31.12.2018;Торговля;26100.00
31.12.2018;Транспортировка и хранение;34787.00
31.12.2018;Услуги ЖКХ;34502.00
31.12.2018;Финансы и страхование;78612.00
31.01.2019;Административная деятельность;23421.00
31.01.2019;Водоснабжение;25784.00
31.01.2019;Гос. управление;31012.00
31.01.2019;Гостиницы и общепит;22336.00
31.01.2019;Добыча полезных ископаемых;45740.00
31.01.2019;Здравоохранение;27327.00
31.01.2019;ИТ и связь;35584.00
31.01.2019;Научная и проф. деятельность;37865.00
31.01.2019;Обрабатывающие производства;30158.00
31.01.2019;Образование;24580.00
31.01.2019;Операции с недвижимостью;25012.00
31.01.2019;Сельское хозяйство;24906.00
31.01.2019;Спорт и досуг;25683.00
31.01.2019;Строительство;31624.00
31.01.2019;Торговля;26464.00
31.01.2019;Транспортировка и хранение;34251.00
31.01.2019;Услуги ЖКХ;32155.00
31.01.2019;Финансы и страхование;39064.00
28.02.2019;Административная деятельность;22115.00
28.02.2019;Водоснабжение;24429.00
28.02.2019;Гос. управление;31248.00
28.02.2019;Гостиницы и общепит;21185.00
28.02.2019;Добыча полезных ископаемых;40544.00
28.02.2019;Здравоохранение;26237.00
28.02.2019;ИТ и связь;34800.00
28.02.2019;Научная и проф. деятельность;37484.00
28.02.2019;Обрабатывающие производства;29443.00
28.02.2019;Образование;24318.00
28.02.2019;Операции с недвижимостью;24360.00
28.02.2019;Сельское хозяйство;22935.00
28.02.2019;Спорт и досуг;24572.00
28.02.2019;Строительство;31000.00
28.02.2019;Торговля;25056.00
28.02.2019;Транспортировка и хранение;33151.00
28.02.2019;Услуги ЖКХ;31032.00
28.02.2019;Финансы и страхование;40808.00
31.03.2019;Административная деятельность;22620.00
31.03.2019;Водоснабжение;24826.00
31.03.2019;Гос. управление;31353.00
31.03.2019;Гостиницы и общепит;21750.00
31.03.2019;Добыча полезных ископаемых;43257.00
31.03.2019;Здравоохранение;26950.00
31.03.2019;ИТ и связь;37415.00
31.03.2019;Научная и проф. деятельность;39013.00
31.03.2019;Обрабатывающие производства;30122.00
31.03.2019;Образование;24604.00
31.03.2019;Операции с недвижимостью;24566.00
31.03.2019;Сельское хозяйство;23490.00
31.03.2019;Спорт и досуг;25509.00
31.03.2019;Строительство;32213.00
31.03.2019;Торговля;26100.00
31.03.2019;Транспортировка и хранение;33495.00
31.03.2019;Услуги ЖКХ;30993.00
31.03.2019;Финансы и страхование;40493.00
30.04.2019;Административная деятельность;22749.00
30.04.2019;Водоснабжение;25336.00
30.04.2019;Гос. управление;34791.00
30.04.2019;Гостиницы и общепит;21661.00
30.04.2019;Добыча полезных ископаемых;43443.00
30.04.2019;Здравоохранение;26610.00
30.04.2019;ИТ и связь;35733.00
30.04.2019;Научная и проф. деятельность;38829.00
30.04.2019;Обрабатывающие производства;30576.00
30.04.2019;Образование;24477.00
30.04.2019;Операции с недвижимостью;24794.00
30.04.2019;Сельское хозяйство;24360.00
30.04.2019;Спорт и досуг;24812.00
30.04.2019;Строительство;32824.00
30.04.2019;Торговля;25835.00
30.04.2019;Транспортировка и хранение;33449.00
30.04.2019;Услуги ЖКХ;31975.00
30.04.2019;Финансы и страхование;46368.00
31.05.2019;Административная деятельность;24524.00
31.05.2019;Водоснабжение;27022.00
31.05.2019;Гос. управление;35172.00
31.05.2019;Гостиницы и общепит;23016.00
31.05.2019;Добыча полезных ископаемых;50758.00
31.05.2019;Здравоохранение;29905.00
31.05.2019;ИТ и связь;37909.00
31.05.2019;Научная и проф. деятельность;40361.00
31.05.2019;Обрабатывающие производства;31344.00
31.05.2019;Образование;29664.00
31.05.2019;Операции с недвижимостью;26100.00
31.05.2019;Сельское хозяйство;26084.00
31.05.2019;Спорт и досуг;26901.00
31.05.2019;Строительство;34270.00
31.05.2019;Торговля;27192.00
31.05.2019;Транспортировка и хранение;36870.00
31.05.2019;Услуги ЖКХ;34651.00
31.05.2019;Финансы и страхование;43192.00
30.06.2019;Административная деятельность;24426.00
30.06.2019;Водоснабжение;26835.00
30.06.2019;Гос. управление;37279.00
30.06.2019;Гостиницы и общепит;23289.00
30.06.2019;Добыча полезных ископаемых;49332.00
30.06.2019;Здравоохранение;30015.00
30.06.2019;ИТ и связь;37211.00
30.06.2019;Научная и проф. деятельность;41445.00
30.06.2019;Обрабатывающие производства;32056.00
30.06.2019;Образование;40607.00
30.06.2019;Операции с недвижимостью;26202.00
30.06.2019;Сельское хозяйство;25770.00
30.06.2019;Спорт и досуг;30964.00
30.06.2019;Строительство;35062.00
30.06.2019;Торговля;27114.00
30.06.2019;Транспортировка и хранение;35733.00
30.06.2019;Услуги ЖКХ;34519.00
30.06.2019;Финансы и страхование;42127.00
31.07.2019;Административная деятельность;24419.00
31.07.2019;Водоснабжение;27294.00
31.07.2019;Гос. управление;36752.00
31.07.2019;Гостиницы и общепит;22674.00
31.07.2019;Добыча полезных ископаемых;48000.00
31.07.2019;Здравоохранение;28719.00
31.07.2019;ИТ и связь;37165.00
31.07.2019;Научная и проф. деятельность;40852.00
31.07.2019;Обрабатывающие производства;31996.00
31.07.2019;Образование;23239.00
31.07.2019;Операции с недвижимостью;26262.00
31.07.2019;Сельское хозяйство;26801.00
31.07.2019;Спорт и досуг;27272.00
31.07.2019;Строительство;36159.00
31.07.2019;Торговля;27093.00
31.07.2019;Транспортировка и хранение;35858.00
31.07.2019;Услуги ЖКХ;33754.00
31.07.2019;Финансы и страхование;48676.00
31.08.2019;Административная деятельность;24165.00
31.08.2019;Водоснабжение;26440.00
31.08.2019;Гос. управление;34141.00
31.08.2019;Гостиницы и общепит;22299.00
31.08.2019;Добыча полезных ископаемых;49041.00
31.08.2019;Здравоохранение;27437.00
31.08.2019;ИТ и связь;35858.00
31.08.2019;Научная и проф. деятельность;38375.00
31.08.2019;Обрабатывающие производства;30643.00
31.08.2019;Образование;20082.00
31.08.2019;Операции с недвижимостью;25486.00
31.08.2019;Сельское хозяйство;26262.00
31.08.2019;Спорт и досуг;24189.00
31.08.2019;Строительство;35000.00
31.08.2019;Торговля;26782.00
31.08.2019;Транспортировка и хранение;35810.00
31.08.2019;Услуги ЖКХ;32731.00
31.08.2019;Финансы и страхование;42022.00
30.09.2019;Административная деятельность;23959.00
30.09.2019;Водоснабжение;26347.00
30.09.2019;Гос. управление;35265.00
30.09.2019;Гостиницы и общепит;22457.00
30.09.2019;Добыча полезных ископаемых;48856.00
30.09.2019;Здравоохранение;27582.00
30.09.2019;ИТ и связь;35299.00
30.09.2019;Научная и проф. деятельность;39150.00
30.09.2019;Обрабатывающие производства;30814.00
30.09.2019;Образование;25866.00
30.09.2019;Операции с недвижимостью;25516.00
30.09.2019;Сельское хозяйство;26846.00
30.09.2019;Спорт и досуг;26153.00
30.09.2019;Строительство;35468.00
30.09.2019;Торговля;26660.00
30.09.2019;Транспортировка и хранение;35138.00
30.09.2019;Услуги ЖКХ;31461.00
30.09.2019;Финансы и страхование;41551.00
31.10.2019;Административная деятельность;23914.00
31.10.2019;Водоснабжение;26560.00
31.10.2019;Гос. управление;35383.00
31.10.2019;Гостиницы и общепит;22185.00
31.10.2019;Добыча полезных ископаемых;49893.00
31.10.2019;Здравоохранение;27653.00
31.10.2019;ИТ и связь;36007.00
31.10.2019;Научная и проф. деятельность;40214.00
31.10.2019;Обрабатывающие производства;31561.00
31.10.2019;Образование;26137.00
31.10.2019;Операции с недвижимостью;26100.00
31.10.2019;Сельское хозяйство;26681.00
31.10.2019;Спорт и досуг;26267.00
31.10.2019;Строительство;36128.00
31.10.2019;Торговля;27000.00
31.10.2019;Транспортировка и хранение;35815.00
31.10.2019;Услуги ЖКХ;31374.00
31.10.2019;Финансы и страхование;47622.00
30.11.2019;Административная деятельность;23505.00
30.11.2019;Водоснабжение;25761.00
30.11.2019;Гос. управление;35968.00
30.11.2019;Гостиницы и общепит;21909.00
30.11.2019;Добыча полезных ископаемых;47740.00
30.11.2019;Здравоохранение;27749.00
30.11.2019;ИТ и связь;36464.00
30.11.2019;Научная и проф. деятельность;40469.00
30.11.2019;Обрабатывающие производства;31014.00
30.11.2019;Образование;25898.00
30.11.2019;Операции с недвижимостью;25530.00
30.11.2019;Сельское хозяйство;25638.00
30.11.2019;Спорт и досуг;25817.00
30.11.2019;Строительство;34800.00
30.11.2019;Торговля;26360.00
30.11.2019;Транспортировка и хранение;34920.00
30.11.2019;Услуги ЖКХ;31758.00
30.11.2019;Финансы и страхование;42329.00
31.12.2019;Административная деятельность;25474.00
31.12.2019;Водоснабжение;28456.00
31.12.2019;Гос. управление;55258.00
31.12.2019;Гостиницы и общепит;22659.00
31.12.2019;Добыча полезных ископаемых;58273.00
31.12.2019;Здравоохранение;30314.00
31.12.2019;ИТ и связь;39660.00
31.12.2019;Научная и проф. деятельность;48603.00
31.12.2019;Обрабатывающие производства;33816.00
31.12.2019;Образование;29341.00
31.12.2019;Операции с недвижимостью;28390.00
31.12.2019;Сельское хозяйство;27643.00
31.12.2019;Спорт и досуг;30264.00
31.12.2019;Строительство;38134.00
31.12.2019;Торговля;28003.00
31.12.2019;Транспортировка и хранение;38886.00
31.12.2019;Услуги ЖКХ;36975.00
31.12.2019;Финансы и страхование;87250.00
31.01.2020;Административная деятельность;25666.00
31.01.2020;Водоснабжение;28061.00
31.01.2020;Гос. управление;33097.00
31.01.2020;Гостиницы и общепит;23454.00
31.01.2020;Добыча полезных ископаемых;53659.00
31.01.2020;Здравоохранение;29926.00
31.01.2020;ИТ и связь;38586.00
31.01.2020;Научная и проф. деятельность;40500.00
31.01.2020;Обрабатывающие производства;32242.00
31.01.2020;Образование;26382.00
31.01.2020;Операции с недвижимостью;26668.00
31.01.2020;Сельское хозяйство;27021.00
31.01.2020;Спорт и досуг;27565.00
31.01.2020;Строительство;34355.00
31.01.2020;Торговля;28710.00
31.01.2020;Транспортировка и хранение;37803.00
31.01.2020;Услуги ЖКХ;34119.00
31.01.2020;Финансы и страхование;41441.00
29.02.2020;Административная деятельность;24458.00
29.02.2020;Водоснабжение;26587.00
29.02.2020;Гос. управление;34045.00
29.02.2020;Гостиницы и общепит;22501.00
29.02.2020;Добыча полезных ископаемых;49328.00
29.02.2020;Здравоохранение;28616.00
29.02.2020;ИТ и связь;37083.00
29.02.2020;Научная и проф. деятельность;40020.00
29.02.2020;Обрабатывающие производства;31549.00
29.02.2020;Образование;26374.00
29.02.2020;Операции с недвижимостью;26100.00
29.02.2020;Сельское хозяйство;25104.00
29.02.2020;Спорт и досуг;26505.00
29.02.2020;Строительство;33889.00
29.02.2020;Торговля;27148.00
29.02.2020;Транспортировка и хранение;35504.00
29.02.2020;Услуги ЖКХ;33051.00
29.02.2020;Финансы и страхование;44032.00
31.03.2020;Административная деятельность;25235.00
31.03.2020;Водоснабжение;27555.00
31.03.2020;Гос. управление;37585.00
31.03.2020;Гостиницы и общепит;22390.00
31.03.2020;Добыча полезных ископаемых;52737.00
31.03.2020;Здравоохранение;29594.00
31.03.2020;ИТ и связь;41700.00
31.03.2020;Научная и проф. деятельность;41650.00
31.03.2020;Обрабатывающие производства;32580.00
31.03.2020;Образование;26930.00
31.03.2020;Операции с недвижимостью;26643.00
31.03.2020;Сельское хозяйство;26333.00
31.03.2020;Спорт и досуг;27918.00
31.03.2020;Строительство;35939.00
31.03.2020;Торговля;28416.00
31.03.2020;Транспортировка и хранение;36646.00
31.03.2020;Услуги ЖКХ;33408.00
31.03.2020;Финансы и страхование;44676.00
30.04.2020;Административная деятельность;24699.00
30.04.2020;Водоснабжение;27071.00
30.04.2020;Гос. управление;37698.00
30.04.2020;Гостиницы и общепит;21750.00
30.04.2020;Добыча полезных ископаемых;51744.00
30.04.2020;Здравоохранение;29378.00
30.04.2020;ИТ и связь;39275.00
30.04.2020;Научная и проф. деятельность;39871.00
30.04.2020;Обрабатывающие производства;31841.00
30.04.2020;Образование;26620.00
30.04.2020;Операции с недвижимостью;26406.00
30.04.2020;Сельское хозяйство;26281.00
30.04.2020;Спорт и досуг;26368.00
30.04.2020;Строительство;34110.00
30.04.2020;Торговля;27080.00
30.04.2020;Транспортировка и хранение;36040.00
30.04.2020;Услуги ЖКХ;34677.00
30.04.2020;Финансы и страхование;50355.00
31.05.2020;Административная деятельность;25056.00
31.05.2020;Водоснабжение;28140.00
31.05.2020;Гос. управление;37590.00
31.05.2020;Гостиницы и общепит;21932.00
31.05.2020;Добыча полезных ископаемых;54438.00
31.05.2020;Здравоохранение;34342.00
31.05.2020;ИТ и связь;40371.00
31.05.2020;Научная и проф. деятельность;41543.00
31.05.2020;Обрабатывающие производства;32015.00
31.05.2020;Образование;37257.00
31.05.2020;Операции с недвижимостью;27244.00
31.05.2020;Сельское хозяйство;27741.00
31.05.2020;Спорт и досуг;28733.00
31.05.2020;Строительство;35000.00
31.05.2020;Торговля;27732.00
31.05.2020;Транспортировка и хранение;36212.00
31.05.2020;Услуги ЖКХ;36695.00
31.05.2020;Финансы и страхование;44955.00
30.06.2020;Административная деятельность;25279.00
30.06.2020;Водоснабжение;28739.00
30.06.2020;Гос. управление;40928.00
30.06.2020;Гостиницы и общепит;22585.00
30.06.2020;Добыча полезных ископаемых;52500.00
30.06.2020;Здравоохранение;35549.00
30.06.2020;ИТ и связь;40201.00
30.06.2020;Научная и проф. деятельность;44583.00
30.06.2020;Обрабатывающие производства;33377.00
30.06.2020;Образование;36401.00
30.06.2020;Операции с недвижимостью;28168.00
30.06.2020;Сельское хозяйство;27662.00
30.06.2020;Спорт и досуг;30901.00
30.06.2020;Строительство;36724.00
30.06.2020;Торговля;28457.00
30.06.2020;Транспортировка и хранение;36882.00
30.06.2020;Услуги ЖКХ;37554.00
30.06.2020;Финансы и страхование;45000.00
31.07.2020;Административная деятельность;25221.00
31.07.2020;Водоснабжение;28775.00
31.07.2020;Гос. управление;38607.00
31.07.2020;Гостиницы и общепит;23458.00
31.07.2020;Добыча полезных ископаемых;51056.00
31.07.2020;Здравоохранение;33929.00
31.07.2020;ИТ и связь;40471.00
31.07.2020;Научная и проф. деятельность;44698.00
31.07.2020;Обрабатывающие производства;33930.00
31.07.2020;Образование;24619.00
31.07.2020;Операции с недвижимостью;28446.00
31.07.2020;Сельское хозяйство;29028.00
31.07.2020;Спорт и досуг;27349.00
31.07.2020;Строительство;37990.00
31.07.2020;Торговля;29079.00
31.07.2020;Транспортировка и хранение;37148.00
31.07.2020;Услуги ЖКХ;36020.00
31.07.2020;Финансы и страхование;50000.00
31.08.2020;Административная деятельность;25213.00
31.08.2020;Водоснабжение;28135.00
31.08.2020;Гос. управление;37229.00
31.08.2020;Гостиницы и общепит;22831.00
31.08.2020;Добыча полезных ископаемых;53127.00
31.08.2020;Здравоохранение;32252.00
31.08.2020;ИТ и связь;39065.00
31.08.2020;Научная и проф. деятельность;41486.00
31.08.2020;Обрабатывающие производства;32275.00
31.08.2020;Образование;22659.00
31.08.2020;Операции с недвижимостью;27318.00
31.08.2020;Сельское хозяйство;28576.00
31.08.2020;Спорт и досуг;25939.00
31.08.2020;Строительство;37639.00
31.08.2020;Торговля;28614.00
31.08.2020;Транспортировка и хранение;37574.00
31.08.2020;Услуги ЖКХ;34391.00
31.08.2020;Финансы и страхование;42999.00
30.09.2020;Административная деятельность;25000.00
30.09.2020;Водоснабжение;28000.00
30.09.2020;Гос. управление;37513.00
30.09.2020;Гостиницы и общепит;23000.00
30.09.2020;Добыча полезных ископаемых;51000.00
30.09.2020;Здравоохранение;31401.00
30.09.2020;ИТ и связь;38744.00
30.09.2020;Научная и проф. деятельность;42056.00
30.09.2020;Обрабатывающие производства;32673.00
30.09.2020;Образование;28214.00
30.09.2020;Операции с недвижимостью;27083.00
30.09.2020;Сельское хозяйство;28721.00
30.09.2020;Спорт и досуг;27587.00
30.09.2020;Строительство;37515.00
30.09.2020;Торговля;28180.00
30.09.2020;Транспортировка и хранение;36222.00
30.09.2020;Услуги ЖКХ;32363.00
30.09.2020;Финансы и страхование;30853.00
31.10.2020;Административная деятельность;24367.00
31.10.2020;Водоснабжение;27294.00
31.10.2020;Гос. управление;36209.00
31.10.2020;Гостиницы и общепит;22497.00
31.10.2020;Добыча полезных ископаемых;51101.00
31.10.2020;Здравоохранение;31940.00
31.10.2020;ИТ и связь;38527.00
31.10.2020;Научная и проф. деятельность;42530.00
31.10.2020;Обрабатывающие производства;32872.00
31.10.2020;Образование;27607.00
31.10.2020;Операции с недвижимостью;27025.00
31.10.2020;Сельское хозяйство;27879.00
31.10.2020;Спорт и досуг;26661.00
31.10.2020;Строительство;37630.00
31.10.2020;Торговля;28612.00
31.10.2020;Транспортировка и хранение;36499.00
31.10.2020;Услуги ЖКХ;32066.00
31.10.2020;Финансы и страхование;40020.00
30.11.2020;Административная деятельность;24999.00
30.11.2020;Водоснабжение;28015.00
30.11.2020;Гос. управление;39531.00
30.11.2020;Гостиницы и общепит;22707.00
30.11.2020;Добыча полезных ископаемых;52921.00
30.11.2020;Здравоохранение;31648.00
30.11.2020;ИТ и связь;40397.00
30.11.2020;Научная и проф. деятельность;43818.00
30.11.2020;Обрабатывающие производства;33408.00
30.11.2020;Образование;28896.00
30.11.2020;Операции с недвижимостью;28001.00
30.11.2020;Сельское хозяйство;27951.00
30.11.2020;Спорт и досуг;28000.00
30.11.2020;Строительство;39137.00
30.11.2020;Торговля;28570.00
30.11.2020;Транспортировка и хранение;36610.00
30.11.2020;Услуги ЖКХ;32891.00
30.11.2020;Финансы и страхование;40116.00
31.12.2020;Административная деятельность;26713.00
31.12.2020;Водоснабжение;30197.00
31.12.2020;Гос. управление;57964.00
31.12.2020;Гостиницы и общепит;23050.00
31.12.2020;Добыча полезных ископаемых;64803.00
31.12.2020;Здравоохранение;35166.00
31.12.2020;ИТ и связь;44549.00
31.12.2020;Научная и проф. деятельность;53216.00
31.12.2020;Обрабатывающие производства;36192.00
31.12.2020;Образование;33046.00
31.12.2020;Операции с недвижимостью;30450.00
31.12.2020;Сельское хозяйство;29797.00
31.12.2020;Спорт и досуг;33559.00
31.12.2020;Строительство;40020.00
31.12.2020;Торговля;30450.00
31.12.2020;Транспортировка и хранение;41334.00
31.12.2020;Услуги ЖКХ;38538.00
31.12.2020;Финансы и страхование;43500.00
31.01.2021;Административная деятельность;26100.00
31.01.2021;Водоснабжение;29638.00
31.01.2021;Гос. управление;35376.00
31.01.2021;Гостиницы и общепит;23952.00
31.01.2021;Добыча полезных ископаемых;55409.00
31.01.2021;Здравоохранение;32966.00
31.01.2021;ИТ и связь;41598.00
31.01.2021;Научная и проф. деятельность;43500.00
31.01.2021;Обрабатывающие производства;34285.00
31.01.2021;Образование;28358.00
31.01.2021;Операции с недвижимостью;28608.00
31.01.2021;Сельское хозяйство;29035.00
31.01.2021;Спорт и досуг;28172.00
31.01.2021;Строительство;36200.00
31.01.2021;Торговля;30450.00
31.01.2021;Транспортировка и хранение;38708.00
31.01.2021;Услуги ЖКХ;36033.00
31.01.2021;Финансы и страхование;46076.00
28.02.2021;Административная деятельность;24906.00
28.02.2021;Водоснабжение;28104.00
28.02.2021;Гос. управление;36665.00
28.02.2021;Гостиницы и общепит;23182.00
28.02.2021;Добыча полезных ископаемых;52170.00
28.02.2021;Здравоохранение;30545.00
28.02.2021;ИТ и связь;40662.00
28.02.2021;Научная и проф. деятельность;43500.00
28.02.2021;Обрабатывающие производства;33308.00
28.02.2021;Образование;28823.00
28.02.2021;Операции с недвижимостью;28001.00
28.02.2021;Сельское хозяйство;26601.00
28.02.2021;Спорт и досуг;27683.00
28.02.2021;Строительство;36417.00
28.02.2021;Торговля;28935.00
28.02.2021;Транспортировка и хранение;36959.00
28.02.2021;Услуги ЖКХ;34800.00
28.02.2021;Финансы и страхование;38001.00
31.03.2021;Административная деятельность;25878.00
31.03.2021;Водоснабжение;29418.00
31.03.2021;Гос. управление;37782.00
31.03.2021;Гостиницы и общепит;24265.00
31.03.2021;Добыча полезных ископаемых;56166.00
31.03.2021;Здравоохранение;31115.00
31.03.2021;ИТ и связь;44685.00
31.03.2021;Научная и проф. деятельность;45614.00
31.03.2021;Обрабатывающие производства;35204.00
31.03.2021;Образование;29266.00
31.03.2021;Операции с недвижимостью;28904.00
31.03.2021;Сельское хозяйство;27768.00
31.03.2021;Спорт и досуг;29466.00
31.03.2021;Строительство;39102.00
31.03.2021;Торговля;30375.00
31.03.2021;Транспортировка и хранение;38551.00
31.03.2021;Услуги ЖКХ;35287.00
31.03.2021;Финансы и страхование;46051.00
30.04.2021;Административная деятельность;25540.00
30.04.2021;Водоснабжение;29297.00
30.04.2021;Гос. управление;40508.00
30.04.2021;Гостиницы и общепит;24112.00
30.04.2021;Добыча полезных ископаемых;55121.00
30.04.2021;Здравоохранение;30562.00
30.04.2021;ИТ и связь;43619.00
30.04.2021;Научная и проф. деятельность;45289.00
30.04.2021;Обрабатывающие производства;35300.00
30.04.2021;Образование;28872.00
30.04.2021;Операции с недвижимостью;28979.00
30.04.2021;Сельское хозяйство;28109.00
30.04.2021;Спорт и досуг;27971.00
30.04.2021;Строительство;39083.00
30.04.2021;Торговля;30207.00
30.04.2021;Транспортировка и хранение;38546.00
30.04.2021;Услуги ЖКХ;36380.00
30.04.2021;Финансы и страхование;50328.00
31.05.2021;Административная деятельность;26944.00
31.05.2021;Водоснабжение;30281.00
31.05.2021;Гос. управление;40125.00
31.05.2021;Гостиницы и общепит;25614.00
31.05.2021;Добыча полезных ископаемых;57630.00
31.05.2021;Здравоохранение;33317.00
31.05.2021;ИТ и связь;45240.00
31.05.2021;Научная и проф. деятельность;46944.00
31.05.2021;Обрабатывающие производства;35997.00
31.05.2021;Образование;34984.00
31.05.2021;Операции с недвижимостью;30001.00
31.05.2021;Сельское хозяйство;30584.00
31.05.2021;Спорт и досуг;30067.00
31.05.2021;Строительство;40384.00
31.05.2021;Торговля;31609.00
31.05.2021;Транспортировка и хранение;41594.00
31.05.2021;Услуги ЖКХ;38824.00
31.05.2021;Финансы и страхование;47098.00
30.06.2021;Административная деятельность;27217.00
30.06.2021;Водоснабжение;30990.00
30.06.2021;Гос. управление;43542.00
30.06.2021;Гостиницы и общепит;26100.00
30.06.2021;Добыча полезных ископаемых;59529.00
30.06.2021;Здравоохранение;34934.00
30.06.2021;ИТ и связь;45563.00
30.06.2021;Научная и проф. деятельность;49600.00
30.06.2021;Обрабатывающие производства;36975.00
30.06.2021;Образование;46902.00
30.06.2021;Операции с недвижимостью;30450.00
30.06.2021;Сельское хозяйство;30242.00
30.06.2021;Спорт и досуг;35189.00
30.06.2021;Строительство;41406.00
30.06.2021;Торговля;32013.00
30.06.2021;Транспортировка и хранение;40632.00
30.06.2021;Услуги ЖКХ;38984.00
30.06.2021;Финансы и страхование;47344.00
